ref	current	kind	title	domains	verification	path
qeva:1:addition@1	yes	definition	Addition	number-theory,arithmetic	editorial	objects/addition.r1.json
qeva:1:algorithm@1	yes	definition	Algorithm	computation,logic	editorial	objects/algorithm.r1.json
qeva:1:attractor@1	no	definition	Attractor	dynamics,systems	editorial	objects/attractor.r1.json
qeva:1:attractor@2	yes	definition	Attractor	dynamics,systems	editorial	objects/attractor.r2.json
qeva:1:axiom-choice@1	yes	axiom	Axiom of choice	set-theory,foundations	editorial	objects/axiom-choice.r1.json
qeva:1:axiom-empty-set@1	yes	axiom	Axiom of empty set	set-theory,foundations	editorial	objects/axiom-empty-set.r1.json
qeva:1:axiom-extensionality@1	yes	axiom	Axiom of extensionality	set-theory,foundations	editorial	objects/axiom-extensionality.r1.json
qeva:1:axiom-foundation@1	yes	axiom	Axiom of foundation	set-theory,foundations	editorial	objects/axiom-foundation.r1.json
qeva:1:axiom-infinity@1	yes	axiom	Axiom of infinity	set-theory,foundations	editorial	objects/axiom-infinity.r1.json
qeva:1:axiom-pairing@1	yes	axiom	Axiom of pairing	set-theory,foundations	editorial	objects/axiom-pairing.r1.json
qeva:1:axiom-power-set@1	yes	axiom	Axiom of power set	set-theory,foundations	editorial	objects/axiom-power-set.r1.json
qeva:1:axiom-union@1	yes	axiom	Axiom of union	set-theory,foundations	editorial	objects/axiom-union.r1.json
qeva:1:axiom@1	yes	axiom	Axiom	logic,foundations	editorial	objects/axiom.r1.json
qeva:1:bijection@1	yes	definition	Bijection	set-theory,structure	editorial	objects/bijection.r1.json
qeva:1:cardinality@1	yes	definition	Cardinality	set-theory,combinatorics	editorial	objects/cardinality.r1.json
qeva:1:category-theoretic-foundations@1	yes	framework	Category-theoretic foundations	category-theory,foundations	editorial	objects/category-theoretic-foundations.r1.json
qeva:1:chaos@1	no	terminology	Chaos	dynamics,chaos	editorial	objects/chaos.r1.json
qeva:1:chaos@2	yes	terminology	Chaos	dynamics,chaos	editorial	objects/chaos.r2.json
qeva:1:chirality@1	no	definition	Chirality	symmetry,geometry	editorial	objects/chirality.r1.json
qeva:1:chirality@2	yes	definition	Chirality	symmetry,geometry	editorial	objects/chirality.r2.json
qeva:1:classical-logic@1	yes	framework	Classical logic	logic,foundations	editorial	objects/classical-logic.r1.json
qeva:1:closed-form@1	no	terminology	Closed form	representation,algebra,analysis	editorial	objects/closed-form.r1.json
qeva:1:closed-form@2	yes	terminology	Closed form	representation,algebra,analysis	editorial	objects/closed-form.r2.json
qeva:1:coarse-graining@1	no	definition	Coarse-graining	information,statistical-mechanics,learning,systems	editorial	objects/coarse-graining.r1.json
qeva:1:coarse-graining@2	yes	definition	Coarse-graining	information,statistical-mechanics,learning,systems	editorial	objects/coarse-graining.r2.json
qeva:1:collatz-conjecture@1	no	conjecture	Collatz conjecture	number-theory,dynamics,open-problems	editorial	objects/collatz-conjecture.r1.json
qeva:1:collatz-conjecture@2	yes	conjecture	Collatz conjecture	number-theory,dynamics,open-problems	editorial	objects/collatz-conjecture.r2.json
qeva:1:collatz-map@1	no	definition	Collatz map	number-theory,dynamics,computation	editorial	objects/collatz-map.r1.json
qeva:1:collatz-map@2	yes	definition	Collatz map	number-theory,dynamics,computation	editorial	objects/collatz-map.r2.json
qeva:1:completeness@1	yes	terminology	Completeness	logic,foundations	editorial	objects/completeness.r1.json
qeva:1:complex-number@1	yes	definition	Complex number	analysis,algebra	editorial	objects/complex-number.r1.json
qeva:1:composition@1	yes	definition	Composition	structure,algebra	editorial	objects/composition.r1.json
qeva:1:computability@1	yes	definition	Computability	computation,logic	editorial	objects/computability.r1.json
qeva:1:conjunction@1	yes	definition	Conjunction	logic	editorial	objects/conjunction.r1.json
qeva:1:consistency@1	yes	definition	Consistency	logic,foundations	editorial	objects/consistency.r1.json
qeva:1:constructive-logic@1	yes	framework	Constructive logic	logic,foundations	editorial	objects/constructive-logic.r1.json
qeva:1:continuity@1	no	definition	Continuity	analysis,topology,dynamics	editorial	objects/continuity.r1.json
qeva:1:continuity@2	yes	definition	Continuity	analysis,topology,dynamics	editorial	objects/continuity.r2.json
qeva:1:decidability@1	yes	definition	Decidability	logic,computation	editorial	objects/decidability.r1.json
qeva:1:definition@1	yes	definition	Definition	foundations,logic	editorial	objects/definition.r1.json
qeva:1:dependent-type-theory@1	yes	framework	Dependent type theory	type-theory,foundations,proof	editorial	objects/dependent-type-theory.r1.json
qeva:1:derivability@1	no	definition	Derivability	logic,proof,foundations	editorial	objects/derivability.r1.json
qeva:1:derivability@2	yes	definition	Derivability	logic,proof,foundations	editorial	objects/derivability.r2.json
qeva:1:derivative@1	yes	definition	Derivative	analysis,calculus	editorial	objects/derivative.r1.json
qeva:1:discreteness@1	no	definition	Discrete structure	topology,discrete-math,foundations	editorial	objects/discreteness.r1.json
qeva:1:discreteness@2	yes	definition	Discrete structure	topology,discrete-math,foundations	editorial	objects/discreteness.r2.json
qeva:1:disjunction@1	yes	definition	Disjunction	logic	editorial	objects/disjunction.r1.json
qeva:1:distinction@1	yes	primitive	Distinction	foundations,logic	editorial	objects/distinction.r1.json
qeva:1:empty-set@1	yes	definition	Empty set	set-theory	editorial	objects/empty-set.r1.json
qeva:1:entropy@1	yes	definition	Shannon entropy	information-theory,probability	editorial	objects/entropy.r1.json
qeva:1:equivalence@1	no	definition	Equivalence relation	logic,structure	editorial	objects/equivalence.r1.json
qeva:1:equivalence@2	yes	definition	Equivalence relation	logic,structure	editorial	objects/equivalence.r2.json
qeva:1:excluded-middle@1	yes	axiom	Law of excluded middle	logic,foundations	editorial	objects/excluded-middle.r1.json
qeva:1:existential-quantifier@1	yes	definition	Existential quantifier	logic	editorial	objects/existential-quantifier.r1.json
qeva:1:exploration-exploitation@1	no	definition	Exploration–exploitation tradeoff	optimization,learning,decision-theory	editorial	objects/exploration-exploitation.r1.json
qeva:1:exploration-exploitation@2	yes	definition	Exploration–exploitation tradeoff	optimization,learning,decision-theory	editorial	objects/exploration-exploitation.r2.json
qeva:1:expression@1	yes	definition	Expression	foundations,language	editorial	objects/expression.r1.json
qeva:1:field@1	yes	definition	Field	algebra	editorial	objects/field.r1.json
qeva:1:first-order-logic@1	yes	framework	First-order logic	logic,foundations	editorial	objects/first-order-logic.r1.json
qeva:1:fixed-point@1	no	definition	Fixed point	dynamics,analysis,computation	editorial	objects/fixed-point.r1.json
qeva:1:fixed-point@2	yes	definition	Fixed point	dynamics,analysis,computation	editorial	objects/fixed-point.r2.json
qeva:1:formal-system@1	no	formal-system	Formal system	logic,foundations	editorial	objects/formal-system.r1.json
qeva:1:formal-system@2	yes	formal-system	Formal system	logic,foundations	editorial	objects/formal-system.r2.json
qeva:1:function@1	yes	definition	Function	foundations,structure	editorial	objects/function.r1.json
qeva:1:graph@1	yes	definition	Graph	graph-theory,combinatorics	editorial	objects/graph.r1.json
qeva:1:group-action@1	yes	definition	Group action	algebra,symmetry,geometry	editorial	objects/group-action.r1.json
qeva:1:group@1	yes	definition	Group	algebra,symmetry	editorial	objects/group.r1.json
qeva:1:grouping@1	no	definition	Grouping / partition	foundations,set-theory,information	editorial	objects/grouping.r1.json
qeva:1:grouping@2	yes	definition	Grouping / partition	foundations,set-theory,information	editorial	objects/grouping.r2.json
qeva:1:halving@1	no	concept	Halving	number,algebra,structure	editorial	objects/halving.r1.json
qeva:1:halving@2	yes	concept	Halving	number,algebra,structure	editorial	objects/halving.r2.json
qeva:1:hierarchy@1	no	definition	Hierarchy and scale	systems,order,information	editorial	objects/hierarchy.r1.json
qeva:1:hierarchy@2	yes	definition	Hierarchy and scale	systems,order,information	editorial	objects/hierarchy.r2.json
qeva:1:identity@1	yes	primitive	Identity	foundations,logic	editorial	objects/identity.r1.json
qeva:1:implication@1	yes	definition	Implication	logic	editorial	objects/implication.r1.json
qeva:1:induction@1	yes	inference-rule	Mathematical induction	number-theory,proof	editorial	objects/induction.r1.json
qeva:1:inference-rule@1	yes	inference-rule	Inference rule	logic,proof	editorial	objects/inference-rule.r1.json
qeva:1:information@1	yes	definition	Self-information	information-theory,probability	editorial	objects/information.r1.json
qeva:1:injective-function@1	yes	definition	Injection	set-theory,structure	editorial	objects/injective-function.r1.json
qeva:1:integer@1	yes	definition	Integer	number-theory,algebra	editorial	objects/integer.r1.json
qeva:1:integral@1	yes	definition	Integral	analysis,calculus	editorial	objects/integral.r1.json
qeva:1:invariant@1	no	definition	Invariant	symmetry,structure,dynamics	editorial	objects/invariant.r1.json
qeva:1:invariant@2	yes	definition	Invariant	symmetry,structure,dynamics	editorial	objects/invariant.r2.json
qeva:1:limit@1	yes	definition	Limit	analysis,topology	editorial	objects/limit.r1.json
qeva:1:linearity@1	yes	definition	Linearity	linear-algebra,analysis	editorial	objects/linearity.r1.json
qeva:1:local-global@1	no	definition	Local versus global optimum	optimization,dynamics	editorial	objects/local-global.r1.json
qeva:1:local-global@2	yes	definition	Local versus global optimum	optimization,dynamics	editorial	objects/local-global.r2.json
qeva:1:measure@1	yes	definition	Measure	measure-theory,analysis	editorial	objects/measure.r1.json
qeva:1:membership@1	yes	primitive	Membership	set-theory,foundations	editorial	objects/membership.r1.json
qeva:1:metric-space@1	yes	definition	Metric space	analysis,geometry,topology	editorial	objects/metric-space.r1.json
qeva:1:model@1	yes	definition	Model	logic,semantics	editorial	objects/model.r1.json
qeva:1:multiplication@1	yes	definition	Multiplication	number-theory,arithmetic	editorial	objects/multiplication.r1.json
qeva:1:natural-number@1	yes	framework	Natural number	number-theory,arithmetic	editorial	objects/natural-number.r1.json
qeva:1:negation@1	yes	definition	Negation	logic	editorial	objects/negation.r1.json
qeva:1:nonlinearity@1	no	definition	Nonlinearity	algebra,dynamics,optimization	editorial	objects/nonlinearity.r1.json
qeva:1:nonlinearity@2	yes	definition	Nonlinearity	algebra,dynamics,optimization	editorial	objects/nonlinearity.r2.json
qeva:1:object@1	yes	primitive	Object	foundations,ontology	editorial	objects/object.r1.json
qeva:1:one-plus-one@1	yes	theorem	One plus one equals two	arithmetic,proof	machine-checked	objects/one-plus-one.r1.json
qeva:1:operation@1	yes	definition	Operation	foundations,algebra	editorial	objects/operation.r1.json
qeva:1:optimization@1	no	definition	Optimization	optimization,analysis,algorithms	editorial	objects/optimization.r1.json
qeva:1:optimization@2	yes	definition	Optimization	optimization,analysis,algorithms	editorial	objects/optimization.r2.json
qeva:1:order@1	yes	definition	Order	order-theory,structure	editorial	objects/order.r1.json
qeva:1:ordered-pair@1	yes	definition	Ordered pair	set-theory,structure	editorial	objects/ordered-pair.r1.json
qeva:1:parity@1	no	definition	Parity	number,arithmetic	editorial	objects/parity.r1.json
qeva:1:parity@2	yes	definition	Parity	number,arithmetic	editorial	objects/parity.r2.json
qeva:1:periodicity@1	no	definition	Periodicity of a sequence	dynamics,sequence,recurrence	editorial	objects/periodicity.r1.json
qeva:1:periodicity@2	yes	definition	Periodicity of a sequence	dynamics,sequence,recurrence	editorial	objects/periodicity.r2.json
qeva:1:prime@1	no	definition	Prime number	number,arithmetic	editorial	objects/prime.r1.json
qeva:1:prime@2	yes	definition	Prime number	number,arithmetic	editorial	objects/prime.r2.json
qeva:1:probability-space@1	yes	definition	Probability space	probability,measure-theory	editorial	objects/probability-space.r1.json
qeva:1:proof@1	yes	definition	Proof	logic,proof	editorial	objects/proof.r1.json
qeva:1:quasiperiodicity@1	no	definition	Quasiperiodicity	dynamics,analysis,sequence	editorial	objects/quasiperiodicity.r1.json
qeva:1:quasiperiodicity@2	yes	definition	Quasiperiodicity	dynamics,analysis,sequence	editorial	objects/quasiperiodicity.r2.json
qeva:1:random-variable@1	yes	definition	Random variable	probability,statistics	editorial	objects/random-variable.r1.json
qeva:1:rational@1	yes	definition	Rational number	number-theory,algebra	editorial	objects/rational.r1.json
qeva:1:real-number@1	yes	framework	Real number	analysis,number-theory	editorial	objects/real-number.r1.json
qeva:1:recurrence@1	no	definition	Recurrence relation	dynamics,sequence,computation	editorial	objects/recurrence.r1.json
qeva:1:recurrence@2	yes	definition	Recurrence relation	dynamics,sequence,computation	editorial	objects/recurrence.r2.json
qeva:1:relation@1	yes	definition	Relation	foundations,structure	editorial	objects/relation.r1.json
qeva:1:ring@1	yes	definition	Ring	algebra	editorial	objects/ring.r1.json
qeva:1:satisfaction@1	no	definition	Satisfaction	logic,semantics,foundations	editorial	objects/satisfaction.r1.json
qeva:1:satisfaction@2	yes	definition	Satisfaction	logic,semantics,foundations	editorial	objects/satisfaction.r2.json
qeva:1:schema-replacement@1	yes	axiom	Schema of replacement	set-theory,foundations	editorial	objects/schema-replacement.r1.json
qeva:1:schema-separation@1	yes	axiom	Schema of separation	set-theory,foundations	editorial	objects/schema-separation.r1.json
qeva:1:sensitivity@1	no	definition	Sensitive dependence on initial conditions	dynamics,chaos,analysis	editorial	objects/sensitivity.r1.json
qeva:1:sensitivity@2	yes	definition	Sensitive dependence on initial conditions	dynamics,chaos,analysis	editorial	objects/sensitivity.r2.json
qeva:1:sequence@1	no	definition	Sequence	structure,number,dynamics	editorial	objects/sequence.r1.json
qeva:1:sequence@2	yes	definition	Sequence	structure,number,dynamics	editorial	objects/sequence.r2.json
qeva:1:set@1	yes	primitive	Set	set-theory,foundations	editorial	objects/set.r1.json
qeva:1:sigma-algebra@1	yes	definition	Sigma-algebra	measure-theory,probability	editorial	objects/sigma-algebra.r1.json
qeva:1:signal-noise@1	no	definition	Signal and noise	information,statistics,learning	editorial	objects/signal-noise.r1.json
qeva:1:signal-noise@2	yes	definition	Signal and noise	information,statistics,learning	editorial	objects/signal-noise.r2.json
qeva:1:stability@1	no	definition	Stability	dynamics,analysis,control	editorial	objects/stability.r1.json
qeva:1:stability@2	yes	definition	Stability	dynamics,analysis,control	editorial	objects/stability.r2.json
qeva:1:statement@1	yes	definition	Statement	logic,language	editorial	objects/statement.r1.json
qeva:1:subset@1	yes	definition	Subset	set-theory	editorial	objects/subset.r1.json
qeva:1:successor@1	yes	primitive	Successor	number-theory,arithmetic	editorial	objects/successor.r1.json
qeva:1:surjective-function@1	yes	definition	Surjection	set-theory,structure	editorial	objects/surjective-function.r1.json
qeva:1:symbol@1	yes	definition	Symbol	foundations,language	editorial	objects/symbol.r1.json
qeva:1:symmetry@1	no	definition	Symmetry	symmetry,structure	editorial	objects/symmetry.r1.json
qeva:1:symmetry@2	yes	definition	Symmetry	symmetry,structure	editorial	objects/symmetry.r2.json
qeva:1:theorem@1	yes	definition	Theorem	logic,proof	editorial	objects/theorem.r1.json
qeva:1:topological-space@1	yes	definition	Topological space	topology,analysis	editorial	objects/topological-space.r1.json
qeva:1:type@1	yes	primitive	Type	type-theory,foundations	editorial	objects/type.r1.json
qeva:1:universal-quantifier@1	yes	definition	Universal quantifier	logic	editorial	objects/universal-quantifier.r1.json
qeva:1:vector-space@1	yes	definition	Vector space	linear-algebra,geometry	editorial	objects/vector-space.r1.json
qeva:1:zero@1	yes	primitive	Zero	number-theory,arithmetic	editorial	objects/zero.r1.json
qeva:1:zfc-set-theory@1	yes	framework	ZFC set theory	set-theory,foundations	editorial	objects/zfc-set-theory.r1.json
